0.266700,0.239200,0.333300
0.419600,0.556900,0.302000
0.976500,0.341200,0.537300
0.796100,0.627500,0.858800
0.988200,0.560800,0.352900
0.568600,0.639200,0.686300
0.494100,0.388200,0.270600
0.419600,0.321600,0.635300
0.443100,0.752900,0.780400
0.741200,0.654900,0.309800
0.702000,0.333300,0.352900
0.251000,0.454900,0.439200
0.407800,0.670600,0.352900
0.325500,0.560800,0.854900
0.258800,0.290200,0.211800
0.992200,0.631400,0.713700
0.698000,0.325500,0.513700
0.749000,0.525500,0.407800
0.313700,0.482400,0.364700
0.152900,0.160800,0.156900
0.254900,0.478400,0.600000
1.000000,1.000000,1.000000
0.988200,0.364700,0.388200
0.796100,0.902000,0.670600
0.431400,0.729400,0.600000
1.000000,0.874500,0.368600
0.317600,0.239200,0.223500
0.996100,0.725500,0.458800
0.466700,0.796100,0.996100
0.415700,0.239200,0.278400
0.498000,0.294100,0.478400
0.294100,0.262700,0.454900
